{"cameraMode":{"drawMode":0,"name":"Shaded","section":"Shading Mode"},"sceneLighting":true,"audioPlay":false,"sceneViewState":{"showFog":true,"showMaterialUpdate":false,"showSkybox":true,"showFlares":true,"showImageEffects":true,"showParticleSystems":true},"in2DMode":false,"pivot":{"x":-302.1116027832031,"y":120.67831420898438,"z":429.5653991699219},"rotation":{"x":-0.17919433116912843,"y":0.6780596375465393,"z":-0.1758907437324524,"w":-0.6907910108566284},"size":311.17132568359377,"orthographic":false}